movie,content,rating,time
秋日奏鸣曲,我宁愿将海莲娜看作是伊娃的潜意识。爱恨交织的极致是一种失语症，能用语言组织起来倾泻的总是带着伪装，伊娃借酒宣泄用言语逼迫母亲时，海莲娜剧烈痛苦地挣扎着，母亲请求原谅伊娃不发一言时海莲娜叫喊着妈妈，过来！母亲逃跑了，伊娃低落沮丧看似平静，海莲娜喘不过气濒临灭绝崩溃，最后喊出的是妈妈,allstar50,2016-12-02 11:16:19
秋日奏鸣曲,褒曼的角色是她自身真实的写照，亦是伯格曼的，这两位瑞典最富盛名并且拥有相同姓氏的伟大艺术家，都为了各自的事业给自己的家庭带来可怕的创伤与疏离，乌尔曼那时也与伯格曼劳燕分飞，由她扮演的女儿，对母亲的爱与恨，在我看来，兼是对伯格曼的。褒曼随罗西里尼浪迹天涯，在好莱坞沉浮多年后终于回到故乡的怀抱，这样一位瑞典巨星，居然是第一次出演瑞典电影，这与影片的“奏鸣曲”结构不谋而合，伯格曼曾说：“我们在年轻时，从父母身边逃开，而后一步步，再回到他们身边，在这一刻，我们长大了。”,allstar40,2008-05-01 15:02:26
秋日奏鸣曲,人需要一辈子来摆脱家庭带来的阴影,allstar40,2009-06-23 16:00:41
秋日奏鸣曲,如果有人真实地爱我 也许我有勇气正视自己,allstar50,2009-07-09 21:17:05
秋日奏鸣曲,人生最无法控制的两件事：自我的才华和出身，从婴儿诞生的那一刻起这二者就以命运的名义形塑着所有悲剧。而在亲情里，所有的解释、呼喊、疯狂、道歉，都是无用的。你的亲属关系，是你“天赋”的重要组成部分。,allstar40,2018-01-07 11:37:59
秋日奏鸣曲,这或许就是我喜欢伯格曼的原因——描述至亲的亲人间的相互折磨。这种折磨以爱的名义进行，将母亲的痛苦变成女儿的痛苦，母亲的失败变成女儿的失败。有时候觉得，家才是最孤单的地方，正是因为共度了最长的时光，才看不清彼此真正的模样。,allstar50,2013-08-23 10:16:33
秋日奏鸣曲,女兒看著母親彈肖邦，她盯著她的臉，那表情在我心上扎了一個又一個窟窿，血噗噗往外冒，真疼。,allstar50,2010-01-17 18:10:18
秋日奏鸣曲,乌曼和褒曼大飚演技不是重点。最温暖的色调，最黯淡的内心。台词简洁、尖锐、直达心灵深处。舞台剧式的独白、眼神与眼神的长镜头，伯格曼一定是痛楚和勇敢到了极点才能拍出这样的电影。不用说太多，一句看到人落泪，足够。,allstar50,2013-04-21 05:37:24
秋日奏鸣曲,我们永远都只能是一个人，即使是与最亲密的人在一起，也会感到痛苦和孤独。,allstar50,2016-08-05 19:29:05
秋日奏鸣曲,姐姐的呼喊（近乎咆哮的控诉）与妹妹的细语（语焉不详的呢喃），后者可视为前者精神上的分身以象征恋母的本性，而伊娃已然只剩下恨意和愤怒；母女的两副假面，母亲生气的时候微笑，叫恨的人“我最亲爱的”，叫厌烦的人“亲爱的小女孩”，以爱的名义施行毁灭，用玫瑰中伤所爱之人，女儿则是佯装快乐，“因为我恨那些属于自己的东西”，一如肖邦之音乐，不露声色的痛苦、短暂的解脱、解脱随即消失痛苦依然；依然是老伯克制冷静下暗流涌动的独幕剧式室内场面调度、振聋发聩且真诚内省得近乎内心独白的问询式台词、直接曝露人物情绪流溢的乃至显得狰狞扭曲面部大特写；尽管主题看似通俗浅白，但结合彼时戏外伯格曼、褒曼、乌曼的人生际遇来看，又添了许多别样的深意。,allstar50,2018-07-25 19:36:30
秋日奏鸣曲,#重看#所有最深的伤害都只会发生在最亲密的人之间，畅谈或忏悔过后，原谅不会发生，一切回到原点，冷漠继续冷漠，沟壑依然沟壑；大块橙色&红色与冰冷苍白的内心戏形成强烈对比，明暗光线&正反打，正面&背影；乌曼演技真好，不愧御用。,allstar50,2013-11-17 22:32:50
秋日奏鸣曲,票价伯曼展映@ GZ二刷，大银幕重复创伤体验，很爽。母亲和女儿本质是一体两面，海莲娜则是她们关系的具象体现｜看得PTSD严重爆发。“她从未爱过任何人。她不会爱。”我也不会。作为我的第3000个“看过”标记，这部片实在太疼了，看得我一直想死，想停止存在，所以无论如何都不能够用“喜欢”的心情来看待它。但是它反映出的苦痛我全部明白，全部明白。不能爱已是小事，如果生你的人使你生不如死呢？忍不住又看，忍不住又想：还好不是在影院看，因为要在寂静的黑暗中无声地哭非常累,allstar50,2018-12-25 18:48:34
秋日奏鸣曲,本片的艺术气质相当耀眼，从片名到结构，从故事到表演，从画面到台词，导演赋予了太多可资分析的样本。母亲噩梦惊醒后与酒醉女儿的对话，层次之递进关系，表演之精准程度，恍惚有种看心理惊悚片的错觉，揪心不已。,allstar50,2014-09-01 18:41:13
秋日奏鸣曲,伯格曼着实擅长探讨家庭关系中的疏离、误解、仇恨与虚伪，这回连母女关系中可能潜藏的自私、虚荣、傲慢与偏执亦被袒露于银幕之上。暖黄色调的室内陈设挡不住亲情中的刺骨冰冷。暮年的英格丽·褒曼和盛年的丽芙·乌曼飙戏，伯格曼式的特写与大特写一次次地揪出人的灵魂，攫住观者的心绪。整体还是比前作[呼喊与细语]更加具有舞台剧气调，尤其是以丈夫直面镜头自陈来引入（与收尾）故事的拍法（后景中是弹钢琴的妻子），以及一个个固定的镜头与多处门框式构图。（9.0/10）,allstar50,2019-05-08 09:33:59
秋日奏鸣曲,阿尔莫多瓦的高跟鞋，也是处理母女情感，比起伯格曼的细腻，就差太远了。,allstar50,2008-11-02 20:20:55
秋日奏鸣曲,1.爱不是与生俱来的能力，需要才是 2.习惯逃离和背叛的人，永远找不到自己的家 3.伯格曼曾说：“我们在年轻时，从父母身边逃开，而后一步步，再回到他们身边，在这一刻，我们长大了。”,allstar50,2013-11-13 21:34:14
秋日奏鸣曲,【中国电影资料馆展映】很惭愧，这是我看的第一部伯格曼作品。也很幸运，能在大银幕看到如此佳作。体会到了什么叫“飚戏”。银幕放大了演员一举一动一蹙眉的神情，也放大了色彩与气氛。让观众跟着揪心，回味震撼。每个人都深受家庭的影响。一滩平静的潭水下，激流涌动。完美的观影体验（尽在小西天~,allstar50,2015-12-25 22:59:22
秋日奏鸣曲,母亲在探望小女儿之前深呼了一口气，推开门扮演一个殷切母亲的角色。嘘寒问暖无微不至，仿佛只是去外地短暂演出归来。而这横跨了七年的鸿沟，如何消弭？母亲的角色扮演不了太久，她向来打发女儿自己去玩。人前多殷切，人后就多冷漠。她们就像钢琴上的黑白按键，最后才领悟，亲密关系乃世间最难的修行。,allstar30,2018-04-29 18:02:46
秋日奏鸣曲,8.7；你渴望母亲还是母爱？你想解决所有纠结还是只想争论？,allstar50,2009-05-19 20:11:49
秋日奏鸣曲,在瞬间中，爱是真实存在的。它是本能。但破碎的关系中，时间一旦展开，没学习过爱的人只得为了维持爱的假相，不停扮演，在投入与抽离间被彼此识破。跟信仰一样，只有完全的相信才有不恐惧的机会。可惜相信是单向的，只制造自我的体验，不等于爱。,,2018-04-20 00:20:40
秋日奏鸣曲,伯格曼的电影在这个年龄看，能理解得更深入。缺爱的童年经历烙印在世世代代，如诅咒般传袭。予之痛苦，彼之窃喜。揭露了母女关系中恶的一部分，权利、统治、冷漠，都不是爱，被嘲笑、被打击，被扭曲改造，女儿一次次被母亲伤到体无完肤，孤独到撕心裂肺。但我也能理解母亲，优秀的女性生育后事业与家庭难以两全，追求自我价值必将伤害下一代的感情，自我的失败渴望从下一代得以代偿。身为人母，从来不会让每个人都满意的。,allstar50,2022-11-03 12:25:30
秋日奏鸣曲,密集的对话，确是无声的控斥。越是亲近之人，越是饱有细腻与低沉的情感。从《婚姻生活》看过来，伯格曼不仅是伟大的导演，也是伟大的剧作家，他的对白像海浪一般阵阵袭来，充满力量，一种在细微情感中剥丝抽茧的，将之无限放大的力量。（这部电影很适合精神分析，童年创伤。另外，两位伟大的演员！）,allstar40,2017-02-12 13:10:07
秋日奏鸣曲,母女俩弹琴那场戏，伯格曼真是太懂音乐了~甚至惊鸿一瞥的舒曼都非常恰当地具有一种功能性，更别谈母亲教女儿弹肖邦前奏曲的段落了，完全意义上的授课，同时每一句话也双关了母女关系~更别提瑞典电影史上最伟大的两位女演员杰出的表演了~,allstar50,2018-06-21 22:00:30
秋日奏鸣曲,这一曲家庭的奏鸣曲从未和谐过，伯格曼真厉害。演员的表演也好，褒曼劲劲儿的，女儿唯唯。果然最后有反作用出现。。。,allstar50,2010-04-10 00:40:34
秋日奏鸣曲,本片Eva誠實殘忍，萬箭齊發，老媽Charlotte怎招架得住？　看完才發現老媽原來是Ingrid Bergman……　想記得Charlotte轉述Leonardo說的sense of reality。　假使八月每日一部柏格曼，不知精神該遭受何等摧殘。才連續第二天我就快受不了啦。柏格曼是有看到母女吵架就做筆記的習慣嗎？為什麼對母女關係瞭若指掌？我相信，母女之間就是這樣的競爭關係，不可能和諧。看完才又更認識到最近幾次老媽跟我吵完架那種吵不贏的感覺有該多挫敗。,allstar50,2018-08-04 18:12:35
秋日奏鸣曲,2015.12.25.中国电影资料馆,allstar50,2008-02-28 02:03:44
秋日奏鸣曲,【BAMPFA】2018.2.17.6pm 让全场观众屏息惊呼痛苦与沉默。这种一层层的剥开，淋漓尽致地还原与控诉，与其说展现了“父母皆祸害”、“家庭之不可能”，不如说展现了人（我/他）之不可能。最后寄出的信要如何理解，隔着距离观看的丈夫在这个母女故事中扮演着怎样的角色？,allstar50,2018-02-18 14:13:36
秋日奏鸣曲,头皮发麻。我们都认为自己是受害者，永远都在为自己辩护。,allstar50,2022-02-08 23:59:02
秋日奏鸣曲,和解之不可能。,allstar50,2012-12-08 14:55:55
秋日奏鸣曲,英格丽·褒曼也来了，那种美真有种与生俱来的穿透力。丽芙·乌曼当然也美，但始终愿为电影被自己撕扯得狰狞。她们二人与莱娜·尼曼，都有超强的演技，同台飚戏，几乎要到慑人地步。母女的疏离，对爱的渴求，是很常见的主题，但这一次，依然扎得惊心动魄。而构图、色彩、音乐、对白，都是一流。四星半,allstar50,2017-09-08 10:05:02
秋日奏鸣曲,#BJIFF#永远忘不了永远不原谅永远。,allstar50,2018-04-19 15:33:00
秋日奏鸣曲,母女关系的断裂只是表层，这部晚期的伯格曼像是对始终贯穿（目前已经看过的）伯格曼创作中的神性与世俗间撕扯的挣扎的浓缩。和《呼喊与细语》前后看真是不是巧合的巧合。母亲最大的胜利是不是看着女儿受苦？真是谁经历过谁知道。,allstar50,2017-10-21 11:11:39
秋日奏鸣曲,我最深爱的人，伤我总是最深，进退总无法选择。 伯格曼的细腻，看似温存平静，实则波涛汹涌。大量的近景脸部特写给了英格丽·褒曼和丽芙·乌曼很大的发挥空间，演绎简直天衣无缝！ 8.6,allstar50,2016-11-28 01:09:27
秋日奏鸣曲,“真实的我丝毫不会被爱和接受” “母亲和女儿，一切都有爱和关心做幌子” 不可接近的真实恨意，却作为“母女关系”而要共存。几个两人同框的脸部特写，感到不可逃离的逼仄。生而为你女儿，我很抱歉。生而为你母亲，我也很抱歉。,allstar50,2016-10-11 00:45:21
秋日奏鸣曲,伯格曼嗜好从每一种平静底下挖掘潜意识中的危机，往往指向身体、原生家庭和或失败的婚姻，这一技艺在这部电影显然已经臻至精简纯熟。但除开典型的手术刀叙事，我们惊喜于发现，附着于这样嶙峋结构的永远是殷红的精神血肉。红裙的女人突破生活，而双马尾的女人尝试去拥裹同一种，形成了内外僵持的强大张力，最终的结果是撕破生活本身。仅仅一个错身，就揭开了母女两人草草埋在记忆浅处的悲楚，因为她们是如此固守在意义标度的两端，以至于任何试图中和她们的努力只能创造痛苦。从这个角度看，错身而过的或许不只是两位影后，还有快乐伯格曼和痛苦不堪的观众我们。,allstar50,2019-12-01 12:13:38
秋日奏鸣曲,"独奏或两件乐器合奏的奏鸣曲，结构里也包含着回归。秋天的奏鸣曲，太灵魂的命名了，无论是镜头还是话语，总止于两人对话（合奏）的倾向，但终究还是一个人的自说自话。电影比话剧更锋利，伯格曼替观众做出了选择，你只能看到一个人，或者近在咫尺但差之千里的两个人。这才是最电影的独白。
从充斥着夏天和冬天的前作进入本片里的秋天，伯格曼的电影是否也进入了一个新的阶段？
影评安排中。",allstar50,2022-02-18 23:37:23
秋日奏鸣曲,"女儿的失败就是母亲的胜利吗
我的悲痛就是你暗自的快乐吗
你在情感上是个残废",allstar40,2019-12-16 19:56:45
秋日奏鸣曲,#2018北影节# 这就是伯格曼，每一场戏都像一个细胞，它们在有限的空间和时间中不断分裂，最终膨胀至爆裂，在简单的场景和人物关系里制造出巨大的戏剧张力。第一次看时是二十出头，尚不能完全理解片中的母女关系，此次重温，看到丽芙·乌曼歇斯底里地控诉对母亲的爱与恨时，潸然泪下。,allstar50,2018-04-20 12:18:03
秋日奏鸣曲,20150606@电博，伴随昨日卡萨布兰卡今日第一场美人计光艳照人的褒曼，这场扑面而来的反差也不能掩盖她的气质.重看犹如重读睿智深邃的哲人写的散文，一段钢琴一段大提琴来分段让整部影片也如同古典音乐的韵律。在爱的名义下却因此筑起的高墙终究有湍急的河流冲垮，孰是孰非不是涉事人着实也不便轻易下判,allstar50,2009-11-22 15:28:05
秋日奏鸣曲,我的第一部伯格曼。敢于如此直接滴挖掘并面对人与人关系的形成与毁坏，而且还描绘的丝丝入扣鞭鞭入骨，很赞！是爱还是只是一种需求，这是每个人应该搞懂的事情。除去日常寒暄，如果有其中一个只听不说，或是只说不听，那么两个人的关系无法维持，而这两个人如果是无法切断联系的亲人的话，就成了悲剧。,allstar50,2013-12-10 15:47:19
秋日和,三个老男人为亡友女儿介绍夫婿，道德面是为亡友分担家事，私欲面是为实现过往的投射，须知亡友之妻可是四个小伙伴的当年女神。此事未定又要为女神介绍夫婿，形而上理由是让女儿出嫁无顾虑，形而下肇因是决策时各怀鬼胎，迷局乱斗中终于促成亡友女儿的婚事。啊，这是多么高尚的一群人呀！【9】,allstar50,2013-12-26 11:58:12
秋日和,"用万峰老师的话说：『这三位老男人，你们心思又活络了是吗？』。用歌词概括为：”越慌越想越慌，越想越骚越痒“。小津更精简，一个""痒“字直接概括。",allstar40,2013-06-24 01:17:44
秋日和,其实原节子年长司叶子14岁而已。冈田茉莉子就是人证里的母亲。五星给女人们。,allstar50,2010-08-31 18:48:42
秋日和,SIFF@影城；连看两场如观电视剧，那些御用的面孔和场所让观众们发出善意笑声，4小时丝毫不闷，他的确是一辈子在做豆腐；在那些永恒不变的光景里，体会到真正的「无」，你能看穿这种平静超脱，但你不会绝望不会放弃；原节子已老，但寂寞哀愁的微笑也如此动人，司叶子与冈田茉莉子两种美人的典型。,allstar50,2013-06-16 09:47:09
秋日和,母女之间的情感总是更加微妙和细腻；真没见过这么替别人女儿操心的老中年男人；这次的嫁女儿似乎也没有什么特别突出的地方，最多就是差点连母亲也嫁出去了，可惜没有。,allstar30,2013-12-15 17:54:15
秋日和,至此小津安二郎已经荣升为我最讨厌的导演之一，一天天的不知道到底还有多少个性冷淡的孝顺女儿要嫁，看着电影里所有人物那种欠抽的假笑模样就想吐，他塑造的荧幕世界总是能完美地勾起我想要灭世的冲动。 @2021-04-26 20:50:44,allstar10,2021-10-12 13:16:18
秋日和,呃所以小津最喜欢的矛盾就是“丧偶家庭的女儿到底该留在家里给爸妈养老还是该嫁出去” 是么……日本社会真是奇怪啊＝＝,allstar40,2015-12-17 10:31:19
秋日和,#SIFF2013# 一连看到第四部嫁女儿故事，看得人完全恍惚了——一样的面孔在同样的场景里演着不同的角色。突然想到，要是把小津的这些嫁女片连在一起看，岂不就是一部十几小时的洪尚秀了呢⋯⋯,allstar40,2013-06-20 00:33:33
秋日和,看小津头一次看出了不耐烦的感受，三个老男人对于怎么把母女俩嫁出去的种种谋划，实在太长了…我是真讨厌婚嫁话题，也讨厌中年男子指点江山的样子。母女吃饭逛街、百合子质问三老男，这两段是真的有意思。妈妈秋子从头到尾露着16颗牙假笑，在结尾女儿结婚离去后，独处的妈妈脸上的笑终于垮了下去，眼里有了泪花。那一刻，她是不是做回了自己？,allstar30,2021-05-22 23:21:46
秋日和,三个男人并排坐，两个悠悠玩烟斗，一个焦急加兴奋，捶腰如厕空欢喜。本片较之另外几部嫁女影片，诸多细节都有难得的调侃和幽默，但新娘盛妆之下的泫然欲泣，却也从不省略。,allstar40,2011-09-17 01:47:08
秋日和,小津的形式美，所谓“无可挑剔”之作。翻拍/改编自《晚春》，虽然不再sentimental，但悲凉远甚原作，母女关系毕竟比父女关系煽情。看到多部小津电影中的桥段、情节和常用手法，司叶子不及《小早川家之秋》那般光彩夺目，而小津本人的位置似乎正是那个去世的丈夫，笠智众的兄长……,allstar40,2010-08-17 03:42:21
秋日和,小津的彩色嫁女通版出现过两次选角“意外”：杉村春子在秋刀鱼扮女儿；原节子在秋日和演母亲；寡母/独女合住的公寓，完全照搬秋刀鱼中儿子媳妇的那种，而亡夫的三位老同学却全都是传统的独门独院，有的更是配了佣人。小津在以此暗示，“没有男人的生活比较辛苦”；文子谢绝提亲但在意外见面之后反对藤庄心生好感，小津通常会把偶遇地点设在大公司办公室。或许是表达：工作与爱情并不对立？另个重要角色标配，偏好喝酒做媒和以闷骚笑话打趣女店主的老男人们，这次有了更深的主线介入机会，魅力寡妇使暗恋的他们产生了更多遐想，并引出通片最讽妙的一道叙事元素——烟斗。“你们不是痒了吗？用它挠挠吧！”,allstar40,2010-07-01 15:02:18
秋日和,太激进的美学家，甚至大于希区柯克。强迫人物框入蒙德里安式的线条中（或许因为几何图形的被取消所以近景正反打都是浅景深）。对于小津来说，强调秩序感像呼吸般重要，视觉上却规整到几乎窒息，时间只在下一个镜头到来时才会继续流动，他可能是最德勒兹式的作者。动与不动，刀锋上的两面。一个猜想，他想要做的正如波德莱尔语：从瞬间抽出永恒。,allstar30,2021-06-05 05:06:15
秋日和,电影跟美食一样不能恶补，都需要精嚼慢咽细细品味，经不住不停的胡吃海塞，连续两天看五部小津的电影也是一样。为了好好看本次小津影展最后一部压轴之作《秋刀鱼之味》，忍痛在《秋日和》中途临阵脱逃。日后一定细细补上慢慢品味小津调制的生活情趣和感动之美。,allstar40,2013-12-22 22:00:47
秋日和,时光飞逝。女儿嫁了一拨又一拨，原节子从被嫁的少女熬成了为女儿愁嫁的单身母亲。小津守着那么一些标致的女子竟然独身，怎么想的。,allstar50,2014-03-01 00:57:18
秋日和,小津安二郎的倒数第三部作品。1.[晚春][秋刀鱼之味]均聚焦鳏夫嫁女，本片则探讨寡妇嫁女问题，整体走向同质于[晚春]，部分场景似[彼岸花]变奏。2.“永远的女儿”原节子竟而饰演母亲，而“永远的父亲”笠智众在父权缺位或疲弱可笑的本片中也只是打酱油（一同客串的还有演接待小姐的岩下志麻）。3.小津的彩色片魅力确乎胜过黑白片，不需关注千篇一律的剧情，仅看灵妙雅致的色彩即赞不绝口，最是那一点红与绿，而首尾摇曳在木色墙壁上的光线，恍若水波荡漾，让人沉醉其中。4.除了标配的低机位、越轴剪辑与转场空镜，小津拍近景或特写几乎全用浅景深镜头，虚化的背景中也常有迷人的彩物点缀。5.后方斜45度低机位拍倚着栏杆的两人，真是小津钟爱的角度，想及[东京物语]。6.诙谐风趣契如[早安]。7.冈田茉莉子好美，与成濑[浮云]中判若两人。（8.5/10）,allstar40,2020-08-27 13:00:19
秋日和,恭喜小津又嫁掉一个女儿，这次是“国际章”，有没有。哎，你少嫁几次我就给你全五星了。,allstar40,2011-05-13 14:23:06
秋日和,#BFIPlayer 长评-爹爹爹。这么牛逼的意淫片我是没见过的，嫁女儿…嫁女儿，老了嫁女儿，守灵要聊嫁女儿，亲爹走了还会多了三个爹帮忙嫁女儿（还有这些爹的操作也非常“高情商”，一顿迷之意淫看的我需要洗眼睛…之后一顿迷之操作让母女误会毫无边界感，最后被堵到道歉都有种我是你亲爹的感觉，一边讨论做爹真难一边儿开心做爹），还甚至连女儿的母亲也一起嫁（娶）了（没娶到还要表示备受折磨），最后有种女性都爹起来一起聊嫁女儿的感觉，这种片子创作背景是啥？这些爹的视角是如此纯粹远无法达到批判的程度，嘴里喊着为了“女儿”的幸福呀！我们成功了！还有完美的女人，纯洁的女儿，唉，台词就听着让人难受。视觉上标志性低位仰拍固定镜头，构图也非常精致，不过感觉正面的中近景直视镜头的正反打镜头太多，看得疲惫。配乐整体偏俏皮。,allstar10,2023-09-24 09:10:05
秋日和,母女版晚春,allstar40,2013-06-20 11:07:05
秋日和,"獏——日本有一种雅气的风韵，非常可爱。
张爱玲——对于我，倒不是完全因为他们的雅气。因为我是中国人，喜欢那种古中国的厚道含蓄。他们有一种含蓄的空气",allstar40,2013-04-30 01:46:46
秋日和,小津后期电影里最美妙、最令人震惊的变体之一，可以看到一个影史级大师是如何与同一个题材嬉戏，甚至把同一件事情翻出另一个次元的花儿来。侯麦《秋天的故事》一定借鉴了这部，但与之相比仍然只能算是一个低配版。小津对女性的呈现是绝不落父权之窠臼的，可以从中看到日本传统的瓦解，但他对此并不感伤怀旧，反而乐于接受女性主体性的生成（男人不仅处于弱势，且罕见地道歉了）。原节子（与女儿及亡夫）住在单元房里，其经济水平和阶级地位无疑是相对较低的，却也希望且最终支配着自身命运，这也是座位酒肆老板娘养女的冈田茉莉子在结尾去看望原节子，某种意义上能够成为其另一个“女儿”的最底层原因。视线把戏精妙绝伦。完美动人的超满分杰作！,allstar50,2021-05-22 21:40:44
秋日和,无论什么国度民族、男女老少，都逃不过要儿女婚嫁、结婚成家唉。没有人能逃出去，逃出去的也只是异数和少数。哪怕最后只剩空荡荡的床榻和楼道，还是逃不过嫁女这条路。ps：电影里的男的在一起聊天都好无趣，女的在一起哪怕吵架都是生动。,allstar40,2022-07-25 15:36:01
秋日和,秋三部里面，最喜欢的却是这部。原节子、司叶子和一众男将，因为反复出现之故，各自性格还是符合演员外在。茉莉子很有亮点，总是担任矛盾激发的角色；原节子剧末的惆怅戏码，是能够打上五星的原因。相较前段的沉闷，后段情节冲突明显。楼顶、登山、双层宿屋三组镜头的漂亮，调和了平淡生活演进的流程。,allstar50,2011-05-30 02:46:28
秋日和,真没见过这么克制的。思考空间很大,allstar40,2008-02-18 00:09:47
秋日和,8.0/8.3 当原节子说：寂寞也是没有办法的啊，我会努力忍受”。寂寞在这个时刻变成了一种高贵的坚持，不仅仅是对一种传统，而是对那种真实存在过的欢乐。,allstar50,2009-06-29 08:20:09
秋日和,细腻温暖，伤怀却不伤心。等我老了会不会也和几个老友喝喝小酒，静静的回忆或调侃生活呢？,allstar40,2010-12-15 08:51:50
秋日和,让我无聊到在那数演员眼中的灯泡=-=~。。。真心跟摆着架子只拍自己心目中“真实”的小津不合。。。。,,2014-05-24 23:18:38
秋日和,刚看过《秋刀鱼》，再看这部，有点审美疲劳。,allstar30,2011-05-22 22:38:17
秋日和,笑全场。完全当作喜剧片看完！陈旧观念的颠覆：1，小津电影不慢，毋宁说很快。镜头切换次数多且时空跳跃度大。2，小津人物表演不僵硬。只是用最少表情丰富最大意义（即便有预备知识，但看到完全无视eyeline match原则，还是震惊到了，应该说是被恐怖到了。。。,allstar50,2016-10-30 20:22:46
秋日和,小津在情节剧的推进中，总是有意无意的穿插一些非人称的影像：空镜/不相关的其他线索叙事。生活就是一滩水，我们却努力把它搅浑。小津电影中，每一次照相都是一种仪式，事无巨细，反复出现，照相之后也在预示着家庭的崩塌。,allstar40,2016-03-04 11:19:54
秋日和,以往看过的小津作品里的情感，印象中多比较单纯一些；而这部《秋日和》感觉纯情中却多了丁点小色情和颜控向。虽然生活琐碎一般的故事整体还是看得我挺舒心，但内在的些许戏剧冲突还是略有不满。将妒嫉、生气、吵嘴拍得如此内敛冷静，与《彼岸花》处理相似。……字幕不给力，名字、错别字……问题挺多！,allstar40,2015-09-27 22:12:28
秋日和,这个故事我不怎么喜欢。婚事没必要和赡养老人对立起来吧。,allstar30,2009-08-28 21:37:22
秋日和,"速度问题受制于相对位置问题,即""先机"".三个男人自以为快出绫子一步而掌握着暧昧的占有权,但看似最不知情的秋子却又更在他们之前.一切总是从开头便已注定,故时间实是白白流去的――反复重现的段落(""还能有几次?"")恰恰要提醒人在这不可抵抗的空流中察觉某种""到时""的临近焦灼,既然美好的光景终究已落在后面,每次同游都可能成为最后一次,我们不由得重新提起那个老问题:小津""慢""吗？",allstar40,2021-05-22 22:40:52
秋日和,延续自《彼岸花》的老男人三人组与活泼的冈田茉莉子合作贡献了极佳的喜剧效果，但一点不妨害女儿出嫁，最后一分钟里，原节子挂起和服，锁好门，木然叠着外褂那更胜于《晚春》的寂寥悲凉。比起《彼岸花》里的山本富士子，冈田茉莉子在剧作里承担着更重要的意义。小津自道他想在《秋日和》里传达的是：“在这个世界上，就算是单纯至极的事，大家也会集体把它变得复杂。人生的本质尽管看起来复杂，实际上也许根本没什么。”再参照司叶子“是否可以不结婚”的认真发问，似乎小津对新世代坦率直接，而更加个人本位的观念，有了一些理解和认同。,allstar40,2022-01-15 00:17:17
秋日和,小津的幽默与诙谐。4星半。,allstar50,2011-08-21 21:45:10
秋日和,又一部观感撕裂的小津，同时也是最反感的一部。有时真觉得挺猥琐甚至变态，却浑然不自知甚至以之为乐。当然也为母女的坚定自主振奋，但总是混杂着一股试图掩饰的男性主宰意味。5/10｜扮演司叶子男友的佐田启二竟是中井贵一的父亲。,allstar20,2021-05-22 21:11:43
秋日和,截至目前最喜欢的一部小津，原节子眼睛手术后似乎有点问题啊,allstar40,2010-09-13 17:45:17
秋日和,"果然鼻头肉肉的原节子还是在小津的镜头下才最美。
这部彩色片中，小津硬是用虚假的置景、生青的色泽 (景的颜色很齐很新)、硬光大光比，做出了光影主导、棱角层次分明的黑白片质感。这样的小津的确让人联想到他远在芬兰的信徒考里斯马基~
三个男性充当丑角一般的形象，总是略嫌油腻地审视评价两/三位女主角，却每每可爱地出丑，乃至失手搅乱了原本平静的母女家庭，却意外让表面平和的母女解开心结，女儿卸下心理负担结婚——就完了吗？并没有。结尾是母亲落寞而坚强的身影，重蹈着东京故事中节子自己那番话的覆辙。
汉文化圈家庭观念的死结似乎永远可说而不可解。",allstar50,2021-05-22 23:44:45
秋日和,好看！其实就是把《晚春》里面的爸爸换成了妈妈（连最后的旅行都一样）。但这个片子真的多了很多幽默成分，尤其那个八卦男三人组，哈哈哈。司叶子和冈田茉莉子都好漂亮呀，前者像章子怡...,allstar50,2013-06-26 11:20:35
秋日和,和最爱的人结婚吧。,allstar40,2017-06-28 18:54:28
秋日和,3.5,allstar40,2020-01-06 01:32:09
秋日和,轻轻的责备。也最诙谐的一部。,allstar40,2011-04-18 18:43:25
秋日和,嫁母亲和嫁女儿。嫁不完的女儿，搞不完的同学会。又是得知鳏夫寡妇想再嫁儿女不快。这次跟《晚春》《秋刀鱼》的鳏夫不一样的是替换成了寡妇。有一场天台戏俩女人居然动作都一致，说不出的做作。不过小津电影里面终于有了我喜欢的女子类型，那就是冈田茉莉子。真是不容易啊。,allstar30,2013-05-16 20:01:10
秋日和,真的又是嫁女儿呀！上次是丧妻的老父亲，这次是只有一个独女的寡母，完全是不一样的缠结与悲哀。酒友们（同一拨儿哎）倒是一如既往地有戏，我猜测他们撑起了小津电影世界的半边天【喂】美女好多！司叶子秀丽拔俗第一，冈田茉莉子傲娇美艳无敌，原节子啊，简直是春风本人。#小津嫁女儿#之二。,allstar40,2017-11-20 10:51:10
秋日和,中年男人有賊心沒賊膽，原節子姐姐老啦……連看三部嫁女果然疲勞了,allstar30,2008-02-14 21:04:28
秋日和,女儿结婚与母亲改嫁互为因果，原本皆大欢喜的构想被编织出难言的离愁别绪。很难想象单身了一辈子、与母亲终老到死的小津会写出这样深得东亚家庭三味的剧本，女性的群像更是让人过目难忘，端然不动的摄像机里静静流转着生命的平凡与无奈。,allstar40,2025-01-06 18:01:19
秋日和,父女转向母女，一条有意思的线是母女一起被婚姻的问题困扰。比起笠智众的节制内敛，原节子的母亲形象个性可爱许多。办公楼阳台前面那个铁路和红色货车的镜头好喜欢。关灯，更衣，入塌。P.S.原节子演司叶子的妈！是不是啰嗦的杉村春子不能演这个角色啊？哈哈哈~,,2012-11-12 21:47:52
秋日和,小津最诙谐的一部,allstar40,2010-01-30 10:16:45
秋日和,乍一看是把《晚春》的父亲换成母亲，但是推敲起来女儿行动的逻辑仍然是父亲中心的，这就表示仍然是小津式家庭。但是原节子一如既往深明大义起来，总算不是没有母亲的家庭了。仍然是传统伦理对个人的侵蚀。,allstar40,2012-06-17 13:30:26
秋日和,小津安二郎,allstar50,2011-02-27 10:20:37
秋日和,里面妹纸都好漂亮,allstar40,2013-06-16 01:25:44
秋日和,这部爹味实在太冲了，受不太了，绫子也是可怜，没了一个爹，多了三个爹。还是左转《秋天的故事》吧……,allstar30,2021-05-22 20:56:19
秋日和,中年原节子～,allstar40,2010-04-16 19:14:02
秋日和,小津先生的题材和演员千篇一律，却藏有不少有意无意的衔接。《秋日和》和《秋刀鱼之味》堪称姐妹篇，前者是寡妇嫁女，后者是鳏夫嫁女，同样辅以一票老友记的群像诙谐描写；人物则与《彼岸花》呼应，尤数两段对酒馆老板娘的调侃冷幽默至极，像是一群老家伙各自嫁完女儿又开始为逝去的故友张罗其妻女婚事,allstar40,2012-10-10 21:49:51
秋日和,《晚春》妈妈版,allstar30,2020-04-26 12:56:57
秋日和,TLF的翻译太渣了...,allstar40,2013-07-06 22:59:20
秋日和,Ｃ＋／比较有趣的是在年轻一代人物的身体上设计了更多有意识姿态的枝节，相伴随的则是大量类似《早安》的无意识姿态复沓。但整体感觉仍然是可见情节驱动为主，并没有小津更好那一档作品里空间处理的轻盈。,allstar40,2025-01-18 06:02:58
秋日和,四星半。片末原节子饰演的秋子不愿再婚的选择，是小津狂扇父权偏执嘴脸的新鲜选择。三个老年男性，对年轻时求而不得女性和其美貌女儿婚姻一厢情愿的摆布，充满了男性在占有欲上的恶臭与自私，那些被妻子、女儿、陌生女孩吐槽的桥段，看似好笑，却是十足的讥讽。小津如果能在处理男性视角上更狠辣一些，一定效果更佳。,allstar50,2021-05-23 00:41:20
秋日和,原节子最后的神情，预感会记很久,allstar50,2016-10-19 23:26:49
秋日和,司叶子侧颜好美~~,allstar50,2012-10-22 18:30:14
饮食男女,看到最后，原来是老爸最猛~~,allstar40,2006-04-12 13:55:54
饮食男女,人生不能像做菜，把所有的料都准备好了才下锅。还有就是，原来男人会一直有性欲。,allstar40,2008-02-05 15:13:55
饮食男女,看似最不能守住传统和孤独的人，坚持到最后。,allstar50,2012-04-21 00:38:36
饮食男女,李安真是个闷骚，想骚不敢说，但又骚得难耐，只好骚得若隐若现，骚得欲说还休，把他那五千年来的性压抑骚成一套吃饭故事，一如他上台领奖，本是春风得意，却把脸摆成一幅认怂的样子，但再怂也掩不住嘴角的笑意，尼玛，我从未见过如此闷骚之人！,allstar40,2017-01-29 10:50:47
饮食男女,“其实一家人住在一个屋檐下，照样可以各过各的日子，可是从心里产生的那种顾忌，才是一个家之所以为家的意义。”极其平淡的生活细节，但无不透尽亲情与爱意。归亚蕾那口熟悉又有趣的湘音也让我开怀。有时候，生活和烹饪是一样的道理，需要用心去投入才能做出一份好味道。★★★★,allstar40,2011-06-12 16:59:22
饮食男女,假如94年有豆瓣 着一定会是当年最精彩的一个直播贴,allstar40,2012-10-03 01:11:45
饮食男女,你个杀千刀滴老朱，我以为你要勾引我，原来你是要拐走我滴女儿！,allstar50,2014-03-29 10:32:04
饮食男女,到现在才看这种基础款片子实在该打。吴倩莲的角色看得我如坐针毡。归亚蕾对小珊珊说：“小孩就嘴这么叼，长大必定嫁不出了。”镜头一扫吴，我才后迟钝地顿悟。问题或许甚至不在美貌和才情就在那份致命的骄傲。这才只是副线之一。李安这人坏到骨子里去了。,allstar50,2012-02-19 21:16:23
饮食男女,看完之后我就想当一辈子的姗姗。,allstar50,2013-06-10 11:50:47
饮食男女,我会告诉你我反复看了五遍开头？口水留成海,allstar50,2012-09-14 01:31:55
饮食男女,细腻又不做作，李安的一贯风格。,allstar40,2006-06-20 03:34:34
饮食男女,家倩:啥？我买的房子是违章建筑？啥？我妹妹怀孕了？啥？我大姐的苦情史是她的幻想？啥？我炮友要结婚了？（而且我真就是个炮友？）啥？我爸把锦荣拐跑了？啥？我爸做体检是为了证明他还能再生一个？这啥世道啊？这啥家庭啊？你们这么多人玩我一个确定不是串通好的吗？还有，爸，我刚决定放弃大好前程留下来陪您，您把房都卖了，合适么？,allstar50,2021-03-05 01:51:53
饮食男女,李安最好的作品。太流畅了，调遣得宜，全无废句。,allstar50,2006-10-19 17:00:43
饮食男女,昨天把这片子掏出来又看了遍，过去十三年看了总有三十遍了。开始是看做菜，之后看吴倩莲和赵文瑄，现在净注意杨贵媚、郎雄的小表情和归亚蕾的口音。昨天才注意到，这片平均颜值高得吓死人：三姐妹及夫婿都清爽标致，41岁的张艾嘉笑起来还有少女感。,allstar50,2016-07-15 16:57:19
饮食男女,我也是看完这部最后笑了的人之一，两个多小时的片子却一点也不觉得长，重要的事情发生的时候都有一桌丰盛的美食，原来这就是饮食男女，我们要吃饭，我们也要生活，生活怎么能总是波澜不惊呢，必须是有着很多的问题。没有一颗细腻的心是没办法拍出这样细腻的片子的。,allstar50,2012-10-06 23:01:10
饮食男女,惜食，平淡如水余味长~想起小时候吃麦丽素特别小心，还发明好多奇怪好玩的方法。人心粗了，吃什么都不精。,allstar50,2011-04-27 23:29:35
饮食男女,李安这次不仅把所有的细节都拍进了我的心坎，还给了一个“惊喜”。电影中复杂的菜式我们没法尝到，但他用镜头让我们把生活的酸甜苦辣都一一尝遍。最后的那个味儿，就是“幸福”，看他的电影，那也是我的幸福。,allstar50,2009-12-22 13:18:10
饮食男女,大导演拍小琐事，像庖丁一样，每一刀都恰到好处，这刀在故事里游刃有余，不见一丝烟火气，故事戛然而止时会觉得这故事仍然在这世上某个地方继续流淌。,allstar50,2015-12-09 08:48:57
饮食男女,中国人的闷骚拍得好到位，以及，我说归亚蕾哪来的一口标准长沙话，居然真的是长沙人啊哈哈哈,allstar40,2014-04-20 21:42:50
饮食男女,果然最后又是爸爸放大招了，不要小瞧爸爸啊！老爷子说自己的生活不能像做菜一样，材料齐全了才下锅；而这部电影也像是做菜，这里一点料，那里一点料，加起来便全是生活的滋味了。这大概是李安最好的剧本了吧！细腻又不造作，极品好电影。看得极饿。,allstar50,2012-07-08 08:04:05
饮食男女,饮食男女，人之大欲。李安太牛了，一句废话也没有。处处神转折。,allstar50,2015-06-13 12:19:37
饮食男女,太逗乐了，感觉是以一种克制禁欲的语言讲了一个艳光四射的故事。,allstar50,2021-02-18 00:02:40
饮食男女,李安如果能来拍红楼梦得多好啊。不作二想。,allstar40,2013-01-14 13:52:22
饮食男女,朱家倩：小丑竟是我自己,allstar50,2021-03-16 13:17:02
饮食男女,7/10。从父亲形象看得出李安受困于东西文化的道德模糊状态，片头十字路口紧接老宅子的远景俯拍象征喧闹都市与传统文化的冲突，行云流水的跳切表现老朱抓鱼、切鱼，母亲的照片和家倩长像相似暗示父女的微妙关系，第二次聚餐老朱切不下鱼的味觉失调指代伦理失调，聚餐的单人镜头象征子女各怀心事的隔阂，当老朱宣布和锦笼的老少恋并渴望搬家建立新家，餐厅外全景移动镜头酝酿不伦危机的爆发，结尾家倩喂父亲一勺汤，父亲味觉恢复指认家倩为妻子的继承人，李安既肯定老少配的西方自由恋爱又要维护东方伦理，只能委婉地表达这一悖论；家珍压抑的爱如火山爆发和父亲压抑的不伦之情是一回事，路边戴耳机听哈利路亚、家猫叫春都惊动家珍被宗教压抑的爱欲，接受道明邀请上台唱歌，站在操场主席台大喊谁写情书，大音响震住隔壁卡拉OK，音乐多次宣泄了压抑的爱欲。,allstar30,2019-02-03 14:04:41
饮食男女,20181205昨做完筆記。李安一直在表達「愛」，「愛的艱難」「愛的突如其來」「愛的不道德」。在他故事中，最堅強的人往往最不勇敢，因為顧忌太多，無法奮不顧身。他電影技法上的老師是小津安二郎和希區考克：推遲的衝突及shot-reverse-shot。他有很多男孩惡趣味，譬如貓叫春時，爸爸在抄養腎藥方，譬如讓大姐第一次動情，是看見受傷繼而康復的男性肉體。他很聰明，拍完喜宴後拿這部練手，練習如何讓觀眾認同原本道德有瑕疵的人物，是很高級的本事。對於故事，他的基本思路是，先創造一個看似堅固的運轉良好的系統，然後在某一時刻，殘忍地抽走某一細微零件，觀看整個系統的瞬間崩潰。,allstar50,2018-12-06 15:59:42
饮食男女,“家庭”二字，被李安拍透了。,allstar40,2012-12-09 00:15:51
饮食男女,说“可惜”，心中得先有“惜”。,allstar50,2012-12-08 20:14:29
饮食男女,生活的琐碎庸常没有打败生活本真的味道，在舌尖与味蕾上跳舞的一家人，也将最美好的一切归还给时光。李安是积淀了多少生活感怀才拍下了这样一部沾染岁月噪点的电影，每一帧都散发着食物的浓香，历久弥新。片中不时闪出幽默与智慧，结尾更是出人意料情理之中。也许演技技术照今天有所欠缺，但情怀不减。,allstar40,2015-06-09 23:36:06
饮食男女,我有件事要向大家宣布一下……,allstar50,2022-11-12 21:30:04
饮食男女,"4.5；重看更觉李安的绵里藏针，貌似笑点密集的家庭剧，其实哪有什么温柔静好，处处不无悲凉无奈——说要坚守的飞速离开，准备撤退的反而最终倚门独立（二女才是集结/综合父母之大成的，无论是相貌还是兴趣）；始于一桌饭，终于一桌饭，人生况味皆在其中，不能等待菜料到齐才下锅，谁不是摸着石头过河，在一浪接一浪的颠簸变故中奋力前行，一顶家庭的大帽罩着无言离心的他们，各种欲望在这张名为体面的餐桌上是无法启齿的（然而大小事都须围绕餐桌进行，这才是家庭的中心象征），因而藉由生理机能的口舌之欲表现被压制的欲望再合适不过，真真食色性也。
“我有件事要宣布”意味着传统家庭结构的坍塌，梁伯母一语道破“婚姻是业障”；看清生活龌龊真相后的干呕，重燃希望的恢复味觉，以及震惊的结尾，李安处理起来真是圆融通透又不乏犀利狠辣。",allstar40,2023-03-08 21:38:46
饮食男女,饮食男女，食之大欲存焉。电影让我嗅到蚀刻在灵魂中的时间的味道。老朱是真男人。,allstar40,2010-08-20 20:21:21
饮食男女,影片犹如一桌宴席，桌上什么样式菜都有，炒、煮、烧、蒸、炸、煎、炖、焖、煲、烩、烤、卤、腌、拌...人生的样式，人人各有烦恼、各有心事、各有追求。生活在一起越久，屋子里的空气却越是把人拉得越开，只有打开心房，才能走出自己。,allstar50,2012-03-03 02:01:56
饮食男女,家境贫寒的男孩Ali（Amir Farrokh Hashemian）帮妹妹Zahra（Bahare Seddiqi）取修补好的鞋子时，不慎将鞋子弄丢，为了不被父（Mohammad Amir Naji）、母（Fereshte Sarabandi...展开,allstar30,2017-03-06 07:04:09
饮食男女,郎雄和张艾嘉这段关系真的不太适应，不是伦理上的不适应，而是叙事上的不适应，总觉得没有铺垫而显得突兀。但是，但是，李安呐，你的早期的片子真的是太和我口味了。细腻、温情又不做作，中国式家庭伦理的最佳表述，有幽默的细节，有感情的温养，有贴切的表达，有真实的触感，太爱太爱了,allstar50,2011-05-03 01:32:11
饮食男女,体会可遇不可求的人生况味。,allstar40,2006-03-12 02:58:33
饮食男女,李安导演“父亲三部曲”之一。平淡的生活细节。凸现出不平凡的伦理观念。温馨而感人。,allstar50,2006-05-02 00:49:14
饮食男女,对于今年才观看这部影片我感到一种大不敬（,allstar50,2021-12-28 19:27:43
饮食男女,最后十五分钟把我震撼的一句话都说不出来,allstar50,2021-08-19 23:52:50
饮食男女,最后父亲说我尝出味道了，泪水自然滑落，看似最叛逆的人却守住了这个家。,allstar50,2020-12-22 19:01:33
一一,“电影发明以后，人类的生命至少比以前延长了三倍”，当我觉得自己已经看了两个小时，一拉进度条发现才过了三十几分钟的时候，我深刻地理解到了这句话,allstar40,2017-12-14 10:26:31
一一,如果电影都是过生活，那我们就过生活就好了,allstar40,2009-01-02 18:01:36
一一,"1.人们越长大就越看不到自己的后脑勺，
所以影片也选择性隐晦了故事的另一面:
洋洋湿漉漉笑着是被暗恋的女生救了，
胖子是被莉莉诱导杀害了自己的老师。
2.医生让全家人给病床上的婆婆多讲话，
妈妈哭着说她发现自己每天讲的都一样，
早上做什么，下午做什么，晚上做什么，
几分钟就讲完了，她觉得好像白活了。
3.儿女的情窦初开与父亲的初恋复燃，
用神奇的蒙太奇手法重合交织在一起。
4.雷电在亿万年无数次的击闪中，
诞生了一切生命的最基本单位氨基酸，
正如我们在无数的邂逅与接触中，
而在一瞬间大脑会爱上另外一个人。
某种意义上，两者都是在一刻发生的事。",allstar40,2021-09-11 23:49:53
一一,婆婆，对不起，不是我不喜欢跟你讲话，只是我觉得我能跟你讲的你一定老早就知道了。不然，你就不会每次都叫我“听话”。就像他们都说你走了，你也没有告诉我你去了哪里，所以，我觉得，那一定是我们都知道的地方。婆婆，我不知道的事情太多了，所以，你知道我以后想做什么吗？我要去告诉别人他们不知道的事情，给别人看他们看不到的东西。我想，这样一定天天都很好玩。说不定，有一天，我会发现你到底去了哪里。到时候，我可不可以跟大家讲，找大家一起过来看你呢？婆婆，我好想你，尤其是我看到那个还没有名字的小表弟，就会想起，你常跟我说：你老,allstar50,2008-06-29 12:20:53
一一,我这样说好了，你不在的时候，我有个机会去过了一段年轻时候的日子，本来以为我再活一次的话也许会有什么不一样，结果还是差不多，没什么不同。只是突然间觉得，再活一次的话，好像真的没那个必要。真的没那个必要……★★★★★★,allstar50,2009-07-21 00:36:10
一一,"看似平淡无奇,其实蕴含深意",allstar40,2006-03-22 13:41:59
一一,从一个婚礼开始，到一个葬礼结束。,allstar50,2009-02-17 21:09:18
一一,年轻的人无法解读的一种电影,allstar50,2005-11-27 17:16:32
一一,“自从电影发明以后，人类的生命就至少延长了三倍” “本来以为，我再活一次的话，也许会有什么不一样。结果还是差不多，没什么不同。只是突然觉得，再活一次的话，好像，真的没那个必要。” “你自己看不到，所以我拍给你看。” “没有一朵云，没有一棵树，是不美丽的。” “我觉得，我也老了…”,allstar50,2014-07-04 11:19:48
一一,《一一》被法国媒体形容为“生命的诗篇”，透过电影传颂吟唱，在叙述一则简单的家庭故事时，真正触摸到“情感的精髓”，以四两拨千金的娴熟技巧交待了少女心事、童年困惑、事业危机、家庭纠纷，以及对宗教的慨叹和对时事的讽刺。9.7,allstar50,2012-02-17 17:57:02
一一,真有这么好？我没看下去。。,,2009-05-26 20:07:08
一一,我看到了一生,allstar50,2006-04-08 09:46:35
一一,你知道的太多了 其实 杨德昌很像小波，那么的冷静和尖锐，你看完以后永远不记得他说了什么故事，却一直记得他的句子。,allstar50,2008-12-23 19:24:20
一一,以一大家子来表现整个人生，从婚礼到葬礼，一切都是轮回。许多事物我们只能看到它的一半，另外一半需要别人帮我们发现。,allstar40,2009-02-06 00:38:15
一一,用三小时去看懂人生，看不懂，活下去就会懂,allstar50,2012-08-23 11:23:41
一一,普通人家的平凡生活。小孩的世界很单纯，所以将好感当作爱情；青年的世界很叛逆，所以将冲动当作爱情；大人的世界很复杂，所以将空虚当作爱情。本片光凭那几张后脑勺的照片、以及小孩最后的演讲，就有资格被评满分。,allstar40,2010-01-14 16:53:25
一一,杨德昌获嘎纳最佳导演奖的影片，近三个小时的影像细腻而漫长，其间没有大起大落，只是一直温和的诉说，可看这平淡的真实，却叫人沉重起来,allstar50,2007-07-06 12:15:18
一一,人生的命题我们还没能参透，世界却把我们看老。,allstar50,2012-06-22 22:07:05
一一,"感觉杨德昌的电影总是很节制地表现日常生活，记录生活。看后触动，可并没发现生活之另外可能。
06.12.24平安夜观影",allstar50,2006-12-25 09:48:17
一一,NJ去了日本，回忆了初恋，却后悔，勇敢的告诉敏敏，敏敏每天和不会讲话的老妈说话，突然发现原来她根本不会表达，她的生活好沉闷。洋洋拍各种人的背影，只因为他们自己都看不到自己的背影，那有没有人拍洋洋的背影给他看？婷婷是不是我自己？不是，我要当洋洋。单纯的洋洋，如果有谁胆敢取走我的单纯，那他一定，一定没有好下场！,allstar50,2007-10-30 22:07:51
一一,"你说婚姻是个什么东西呢，这种相濡以沫带来的就是相对无言，那我们到底应该找一个爱的人一起，吵架，吵到精疲力尽声嘶力竭，一起尝尽人生百态的呢？还是应该找个差不多的人，平平淡淡，看似完满，因为不曾激烈相爱，所以无从争吵。那么，NJ，你幸福么。
我本以为我看懂了，想来最后还是没有",allstar50,2010-08-08 20:46:38
一一,杨德昌的电影剧情发展真不是一般的慢,allstar50,2007-09-01 19:34:59
一一,不被《一一》触动的人是幸运的。,allstar50,2020-12-11 21:39:48
一一,十几岁时我认定电影是为了给我赋予勇气的，我不需要靠它来反复确认生活的虚无、繁杂与荒谬。十几年后我终于能看懂杨德昌。那些越是接近本质的东西，越无法用道理和言语去概述，不如在一场好戏中令彼此的后脑勺代入。年轻时我只记得婷婷那段在盛夏暴雨中匆忙过场的恋情，如今最感同身受的却是日本软件社长大田君：他内向、诚实，有底气地坚守自我。他知道魔法的唯一答案是记下所有牌面，情愿在艺术与天台的鸽群中忘我，看透了生活的庸俗却依然热诚而谦逊。当他在爵士钢琴上闭着眼弹起月光时，像洋洋的相机与婷婷的花，那些时刻是有神明的。,allstar50,2020-07-29 11:42:35
一一,看過的最好的中國電影之一,allstar50,2006-04-21 20:18:32
一一,如果你没看到我看到的东西，你怎么知道我看到什么？如果你说爱我只是年轻的冲动，那你和乱性的英文老师有什么区别？如果你很认真过度的照顾一盆花，它却因此反而不能开花，那你猜花是难过，还是开心？如果你活着只是为了在一年一次的吉利日子结婚看八字，看风水发大财，那和畜牲有什么不同？如果你做生意几十年，都在做自己不喜欢的事，那你怎么会开心？如果你忘不掉初恋的原因，只是因为空虚，那你到底忘不掉的是什么？如果你每天对着昏迷的妈妈说一样的话，到了庙里又听大师讲一样的话，那家里和庙里又有区别？如果你学会记忆宫殿，只是为了给魔术师证明自己很聪明，那你变得还是魔术吗？如果人生注定只能看见一半的东西，那我觉得，我已经老了。,allstar30,2020-02-05 16:22:10
一一,"太文艺了,受不大了",allstar20,2011-04-07 04:41:54
一一,台湾电影的怪圈。忍着看了一大半终于点了右上角的小红叉。第二天爬起来看完。一部电影不看完是没办法加以评判的，何况看完又沉淀两天才下结论。要不是那个小男孩有点意思估计连分都懒得打，片子要表达的本意是非常好的，但偏偏太过腔调，有时文艺是提升的点睛之笔，有时也会变成谋杀的利刃,allstar20,2010-07-22 15:18:17
一一,也许这是一部很有内涵的电影，但是真的不能阻止他是一个无聊的电影，而且三个小时。。。原来豆瓣250也有让我看不下去的时候,allstar10,2013-01-16 20:54:15
一一,生活真苦闷,allstar50,2009-08-03 11:15:17
一一,這是一部很裝逼的電影。從老到小每個人物開口就是箴言金句，太不自然，什麼你拍不到你的背面，真是夠了。這沒法與導演的早期傑作相比。片中諸多手法都是生硬的老套，像學生拍的。但有些地方則很嫻熟，是導演向來擅長的。它反映出導演的思想混亂，沒有東西可以燃燒了。裝憂鬱的文青很吃這套。,allstar20,2017-04-15 00:08:40
一一,孤独 一段又一段,allstar40,2010-05-11 00:35:55
一一,"2021-7-3重看。始于婚礼，终于葬礼，三小时流转的是我们不甘、无奈、卑微、孜孜且苟且的一生，看完只觉年华这般老去不可追，见微知著，剥离戏剧化表现展现日常生活底色的肌理，死生为何，悲欢若梦，以极具功力的手笔撬开寻常无波的生活流表象，写尽无常无情。
生命可以延长三倍吗，生活可以重来吗，重返年轻会改变选择吗，遇上另一个人会改写未来吗，有机会看到这世界的另一半吗，这个世界会好吗，你会原谅我吗，你有倾诉的人吗。
多声部的运用，画外音多处渗进，营造出表象生机蓬勃实则人人渡劫的空洞空间；门/窗框视角望见的人生——我们永远无法洞悉生活的全部真相；窗外霓虹与室内面容叠印，像在平静麻木的面具上涂了一层虚饰的华彩，我们迟早要转过身去解开一团团乱麻——中年人并无停下脚步喘气休憩的资格，甚至连怀缅与幻想也是奢侈。",allstar50,2006-10-13 21:49:35
一一,电影发明之后，人类的生命比起以前延长了三倍。,allstar40,2013-02-23 22:15:13
一一,如果要在电影里看无聊的日子，那看生活就好了啊，看什么电影。,allstar20,2023-06-03 17:14:28
一一,"杨德昌收山之作,获戛纳最佳导演。1.""电影的发明使我们的人生延长了三倍""，这部电影似乎在三小时内穷尽了我们每个人的人生；2.远景固定长镜头为主,构图极佳,配乐精简,启用业余演员,极致的现实主义;3.多处对镜子和玻璃反射的利用,精妙绝伦;4.生活化的琐碎细节,金句不断,繁而不杂,意味深长。（9.5/10）",allstar50,2015-06-04 16:27:54
一一,这是一部缓慢的电影，也正是这缓慢才能把一个普通家庭所有成员的迷茫和悲伤都呈现在观众面前。洋洋说他老了，但世界一直在老去，借用泰戈尔的话：“孩子们在无边世界的海滨聚会。风暴在无路的天空中飘游，船舶在无轨的海上破碎，死亡在猖狂，孩子们却在游戏。在无边世界的海滨，孩子们盛大地聚会着。”,allstar50,2010-07-23 10:17:03
一一,"小男孩太可爱了，多给一颗星。编剧像是TVB请的，艺术总监像是日本请的。这他妈明明一个TVB式的撒狗血""生活化""剧情，有他妈什么好文艺又哀伤的？内涵在哪？细节在哪？我只看见台湾人2000年就装的一手好逼了。两千年，盒盒，我跟小男孩还同岁。",allstar20,2013-05-15 23:21:08
一一,当代人三大困境：很不安 无意义 想和旧情人在日本散步 不明白很多人为什么老说杨德昌精准是因为他CS 其实他精准主要是因为他很渣 并且刻薄、聪明、有才华,,2016-08-12 22:23:36
一一,没看明白。,,2008-01-01 11:15:10
一一,实在很喜欢，杨德昌什么时候再出电影啊，强烈期待,,2006-06-21 09:29:31
一一,看到大家也都这么疲惫，我也就疲惫得安心多了。虽然是第一遍看，却很快发现不能以“一部电影”的体量去衡量，因为哪怕得到一点点新的感性经验、理性经验、生活经验，哪怕看完马上去跟家里人吵一顿再看，一定会是又一部全新的电影。“我要让别人看到他们看不到的东西。”洋洋替杨德昌说了。→22.2.20 时隔六年重温。全家四个人一起看。,allstar50,2016-12-04 15:56:44
一一,我的妈呀，有人把这片子称之为华语no1，我等泛泛之辈是无法感受到了,allstar10,2017-03-11 07:00:39
一一,粗浅的人生阅历不足以深刻解读此片主旨，三个小时分了两次昏沉看完。洋洋每次出场都仿佛给沉闷的调子平添了几许颜色。拍摄了一堆后脑勺的照片显示出的童稚分外难得。多次镜面反射叙事、音画错位过渡、长时间的静默，让这部片子在琐碎的日常里多了几分形而上的哲思。平静如流水一样的生活本质令人心伤。,allstar30,2015-07-06 22:50:12
一一,作为一个女生真的不喜欢这种电影，这个电影里面女生被出轨还要继续过下去，被当成备胎被渣还要当善人，女生只能用身体留住男的，果然是男的拍得,allstar20,2022-09-08 14:54:37
一一,"波澜壮阔
西方人永远也把握不到的东方家庭伦理，《瞬息全宇宙》之类的对东方家庭的西方式理解跟这一对比，就更加的苍白无力。东方的家庭和解靠的从来都不是爱，靠的是对时间的理解，对无常的体认，是无可奈何花落去，是似曾相识燕归来。
让我们暂时抛开那些宏大，卑微到生活里，去经验后悔与无奈，去看到那些我们看不到的东西",allstar50,2022-09-05 12:23:44
一一,9.9/10 怎么能拍出这么细腻的电影……缓慢流淌的人的一生。有很多画面和台词的错位剪辑，图文不符但似乎确是同一个道理。在车上看楼房向后跑去、俯拍坐法复杂的日本地铁、抽烟的男人面前激起一人高的浪。我是被大人龌龊想法揣度的玩气球的小孩，我是被夸奖的别人家的懂事孩子，我是恋爱里被当作替代品觉得委屈的女孩，我是初恋心里永远的白月光，我是怀了新生命的妈妈，我是吃前任醋的现任也是让现任吃醋的前任，我是为爱人收拾烂摊子的女人，我是老实诚恳不会撒谎善良得很难混迹生意圈的中年男人，我是日子过得千篇一律到崩溃的中年女人，我是躺在床上插满管子的老人。我想做去日本找你的人，也想做在台湾家里等你的人。人只能看到事物的一半，人在倾诉时不知道对方能否听到、也不确定自己说的话到底是否真心。一生二，我终将老去，总有人年轻。,allstar50,2023-02-11 00:31:12
一一,看完这三个小时，仿佛度过了一生。,allstar50,2009-10-24 18:11:50
一一,这部电影太美了。我一直在想读书，看电影的意义是什么，只是为了精神愉悦吗，现在慢慢懂了，是进入书和电影里的世界，去经历与沉浸，从而延长寿命。我决定从此以后，看任何电影，书，综艺，动漫都不再倍速观看。倍速观看得到的是更高的信息获取效率，损失的是在精神世界里遨游的机会。说回这部电影，没有学过电影不知道怎么评价配乐剪辑，只能说导演太会拍了，让我感受到了并不知道确切意思的电影质感是什么。人生啊，重来一遍也是如此。,allstar50,2021-02-16 21:59:54
一一,好看是好看的，但是有点过誉了。尤其是里面的男性角色，真的很让人不适。女性角色要么被塑造成只会为男人争风吃醋死去活来的疯女人，要么就是女秘书小老婆这种彻头彻尾的男性陪衬。好不容易有个母亲的角色可以好好发挥，结果估计是不知道咋写，干脆把人家流放到山里修行了，真的很无语。男人还是只会做这种被女人争来抢去的白日梦，再抽根烟喝顿酒聊聊初恋或者前任的那点事儿装一下深沉，真是恶心。还有里面让小女生不小心露内裤的镜头真的有必要吗，学什么不好偏学小日子那套低俗恶趣味，yue了。,allstar30,2024-04-25 06:51:36
一一,小孩儿的台词满有哲理的，对比显得大人们是那么的浑浑噩噩，暧昧不明，彷徨潦倒，失落沉溺，恩怨纠缠。他将来又会成为一个怎样的人，过着怎样的生活呢,allstar40,2017-05-15 21:46:01
一一,"如同一些心碎的傍晚，一些希望依稀的清晨。哭着睡了，还是会在下一个天亮醒来。如同在某个黄昏的街巷转角，你突然懂得了人间所有的哀愁，和所有温柔。太多。这样一部近三小时电影，你觉得可以反复地放，放很多很多遍。待到片尾矮小的洋洋说“我也老了""， 你依旧会掉下泪来，仿佛自己过了许多世。",allstar50,2017-08-14 22:25:48
一一,对于我，《一一》是我们这代人，1980s影迷的“通过仪式”，它意味着人生从一阶段进入到下一个阶段，从出生、孩童、恋爱、成年、婚礼、病痛，直到死亡，也意味着电影这张空白屏幕上，从投放着外观的电影，变成投射内心的电影。这个仪式的最后一步，是杨德昌及其他几位黄金时代大导演的去世。年轻而有朝气的网络，已经承载着太重的衰老的电影。,allstar50,2006-04-13 13:36:50
一一,重看。像一记闷声重击，多少技巧都溶解在杨德昌的智慧里。每个人都要独自面对自己的问题，这个家庭就像一个缩影，让观众同时感到童年、青春、中年和老年在身上流淌。——他居然完成了这个几乎不可能的构想。我想，再也没有一趟人生旅程，可以让我走得这样疲惫，又这样坦然。多年以后，我对《一一》印象最深刻的影评依然来自贾樟柯，他说：“这部杰作平实地写出了生之压力，甚至让我感觉到了疲惫的喘息”，“在缓慢而痛苦的剥落中，裸露了五十岁的真情”。,allstar50,2020-04-05 19:59:56
一一,豆瓣果然喜欢这种又长又无聊，不知所谓的文艺片，最后洋洋那段对婆婆的话有种大人硬装小孩口气的感觉，很多不知所谓没任何意义的情节和人物完全可以cut掉,allstar20,2013-10-19 20:10:10
一一,太抱歉 主要看到的是男性的无病呻吟欺骗虚伪 女性的隐忍痛苦愤怒爆发 如果这是导演想要表达的那我很感谢 毕竟很真实坦诚地展现了青年与中年性别关系 家庭代际关系中丑陋现实的那面 是那种看完以后回想起故事中的龌龊事都想呕的程度 但是似乎好像这原来不是导演的本意啊…… 时不时插入一些好像参透人生哲理的句子 借由男性之口轻浮地说出来只觉得有些矫揉造作了 镜头很有风格有想法 但是真的感觉过誉了,allstar30,2024-02-14 14:39:59
一一,真了不起。把人生的各个阶段都反映了。,allstar50,2011-09-15 19:42:24
一一,最喜欢，没之一,allstar50,2011-08-03 10:01:15
一一,如果人的一半是生，另一半是死。那么死亡的那一半，生的人永远看不到。如果一半是希望，一半是绝望。绝望的那一半已经完全注入生之中，希望被留在死亡中有待检阅。洋洋的角色甚至有些类似《牺牲》里的亚历山大，带着人们去看另一半，从衰老与死亡看蔓延的生活。片名完美。个人观感完胜《牯岭街》。,allstar50,2016-08-10 18:05:44
一一,漫漫的一生被浓缩，很生活化的电影。其实生活与每个人都是很多疲惫，很多无奈。洋洋想给别人看他们看不到的东西，而很多人还是看不到。他们都被琐事锁牢了，忽略了。生也是疲惫，死也是不安宁。,allstar50,2013-06-16 13:46:33
步履不停,人生就这么步履不停地前行着，那些舍得的舍不得的人和事总会一一远去，以至再也无法望见。你可能偶尔怀念，也可能丢了命似的道不了别。,allstar40,2010-03-23 10:10:52
步履不停,送走儿子后寡言的医生父亲念叨：“下次来的时候就是新年了。”与此同时儿子坐在远行的大巴上长舒一口气：“这次回家了新年之行总算可以省了。”转瞬下一个镜头就变成空的风景和儿子的画外音：三年后父亲死了。不多久母亲也走了，她最终也没坐上我买的车。这是日影特有的温情与残酷。玉米天妇罗。,allstar40,2011-09-05 18:52:46
步履不停,亲人只有一次的缘分，无论这辈子我和你会相处多久，也请好好珍惜共聚的时光，下辈子，无论爱与不爱，都不会再见。★★★★★,allstar50,2009-09-10 02:38:25
步履不停,"""你才25岁，你可以成为任何你想成为的人。""剧情没有什么起伏，不温不火，朴实平淡的对话，安静的生活，温馨的生活细节，这样讲出来的故事，总是娓娓动人。生命依旧不停的在循环，平淡、责任、羁绊、也许，这也叫做人生吧。当最后那只黄粉蝶飞出来的时候，却让人眼泪止不住的在流。★★★★☆",allstar40,2011-02-09 21:29:47
步履不停,日本的家庭电影已经是世界巅峰了，步履不停是巅峰中的佳作。,allstar50,2011-01-17 14:45:59
步履不停,"夏至横山家，
小津屋檐下，
周围二三事，
外婆炸玉米，
攀折紫薇花，
追逐黄蝴蝶。
淡然疗心伤，
四肢渐愈合。
有了伴的路，
步履停一停；
牵了手的手，
岁月不回头。",allstar40,2010-02-27 11:28:48
步履不停,试图用一个特殊的日子来讲述横山家数十年来的漫长岁月，不运用任何插叙，只是让时间一点点流过，从各人间的对话中了解这个家庭久远已逝的一切哀痛压抑温馨喜悦，然后日子还得淡淡前行。每个人物都刻划得立体有力，但是片长四分之三再往后有些情节：如蝴蝶入屋、孩子晨祈愿、多年后生孩子也开车等稍刻意,allstar40,2010-08-07 05:33:06
步履不停,听说蝴蝶如果能够熬过一个冬天，来年就会变成黄色。从此，我每次看到黄色的蝴蝶，心里就会难过。,allstar40,2016-07-23 09:41:11
步履不停,生活尽管再平静偶尔也有波澜 不停走着有些东西还是趕不上。,allstar40,2009-01-18 09:36:25
步履不停,能写出这样的剧本真是让人嫉妒啊,allstar40,2016-10-04 00:00:28
步履不停,9.5；和解总是慢死亡一步,allstar50,2009-04-11 21:27:26
步履不停,我了解关于生命的哀伤，总是静默的，漫长的。,allstar50,2009-04-27 17:52:59
步履不停,我喜欢电影里的台词，真实不做作，却把这个家庭十几年隐藏的哀痛和矛盾表达的很清楚，最让人感动的莫过于倔老头子送走良多后那句像是自言自语般的，“下次来就是新年了吧”，父亲所特有的不动声色的爱啊～,allstar50,2011-02-09 13:35:44
步履不停,你才25岁，你可以成为任何你想成为的人。,allstar40,2017-07-10 00:29:00
步履不停,东方人的日常生活中就是常常上演这种迟到的温情、无奈的残忍，并且自觉地不知悔改地步伐不停。秉承着同样的嘴硬和含蓄，他们塑造了家，捏造了国。,allstar50,2011-04-26 22:05:06
步履不停,时光借由一部电影，在一天的限定内被无限拉长。淡如水却又酽如茶，传递着市井家庭气息，给人安定的力量。稀松平常的家庭团聚背后却是伤痕累累不愿提及的过往，明明暗中碰撞得很激烈偏偏表面上云淡风轻。萦绕在父母心里的丧子之痛，孩子心头的独立之殇，一家人洗好了澡，吹着晚风，围坐着仿佛没有芥蒂。,allstar30,2015-09-03 00:16:50
步履不停,是枝裕和说，《步履不停》是一个什么事都没发生的故事，除了细节别无旁物，因为，细枝末节累加起来即是生活。回想那一部看了无数遍的电影，不是什么事都没发生过。最喜欢一个细节是一只蝴蝶，宛如哥哥的亡灵飞过，平实的妈妈立刻狰狞如同疯魔，追逐亡故的长子的幻影。一个平常家庭的创口顿时撕裂。,allstar50,2017-06-22 00:27:53
步履不停,沉缓，琐碎，细微，日常，晦明。,allstar40,2016-03-02 10:32:35
步履不停,“每个人都有一首秘密听的歌” 还是喜欢这样生活化的是枝裕和，每个细节每句台词都是活生生的生活本身。“如果不能恨一个人，自己就会感觉更糟”,allstar40,2017-04-23 22:09:23
步履不停,孩子们总不像你所期待地那样长大。,allstar40,2010-12-27 03:30:41
步履不停,B站、爱奇艺、腾讯使用的是同一个片源同一个字幕翻译，质量极差，甚至让人产生了给字幕寄刀片的冲动！倘若《小偷家族》是一盘色香味俱佳的可口炒菜，那么《海街日记》属于炒菜没放盐，而《步履不停》就更夸张了，连菜都没放，纯粹在炒空气了。也许是我的口味太重了？电影本身的故事局限在哥哥忌日那天的全家聚会，基本上没有任何事件发生，纯粹靠对白堆砌来表达人物关系及内心波动，因此垃圾翻译使得本就淡入纯水的剧情更加索然无味。其实看到后面自然能体会到哥哥的死在每个人心中都埋下了一些情绪的种子，随着时间慢慢生根发芽，有的长出了遗憾，有的长出了思念，有的则生出了绵绵的怨念，所以你会觉得《阳光普照》里似乎带着些许《步履不停》的阴影，只是前者更加残酷阴冷。全片拆分了很多镜头却都纹丝不动，镜头静止而生活则步履不停地缓缓走下去。,allstar30,2020-04-18 19:40:49
步履不停,文艺青年被迫变成文艺中年 不得不卷入平淡生活 丧得没眼看 你说吃饭有哲理 其实也没什么哲理 一家人用五十年 既可说磨合，也可说凑合 到底怎样的生命是有价值的呢  残酷着 温情着 蝉鸣之夏 光阴虚度 代际轮回 逝去之人的阴影 在世之人的不甘 做个钢琴调音师啊 一家人一起做饭 终究是高兴的,,2018-07-01 18:52:04
步履不停,更喜欢比海更深。不过长子去世的设定又让我想到怡微分析过的，一个作品中从未出场的人却像个前提一样，对所有的人物和关系都施加隐秘而深刻的影响。,allstar30,2018-06-19 14:06:16
步履不停,豆瓣的文青给了8.8的高分，说特温情，还治愈，恰似日本李安，灰暗中摸索着找来看，腻歪极了。同样的事儿，要放在香港笼屋或者沈阳铁西棚户区当外景，非让人看了想擂墙爆粗。泥淖，血缘的泥淖，让人绝望的东方家族关系，无比狭隘。,allstar20,2013-03-11 00:47:42
步履不停,不知道什么时候起，一看到这种生活流的电影就泪如泉涌走不动路。人间烟火的气息，代代步履不停...,allstar50,2013-12-27 22:54:30
步履不停,闷片的极致。摄影台词细节，毫无过人之处，于平淡中表现的感情，毫无亮点。在电影院看这片是一种灾难，把电影拍这么无聊，请别提“大师”这个词。,allstar10,2017-03-10 13:33:47
步履不停,《步履不停》没有引出幡然醒悟的痛心疾首，当良多在墓碑前重复着母亲的浇水举动，他是否相信返家的那一天也是他人生的缩影？,allstar50,2009-04-06 13:07:54
步履不停,一个小恙的家庭，每名成员各怀心事，是枝裕和对于亲情和生死的把握已是炉火纯青。固定镜头，味淡如茶，周而复始，偶有亡魂化蝶惊艳，终归还是微苦人生。浴室里的瓷砖常年有破损，相扑队员的名字一时想不起来，广告上的汽车到最后也没买...镜头升过愈发陌生的小镇，眼眶湿润，这就是生活。//2024重看：是枝裕和不太商业的一部，几乎全片都发生在儿子一家回父母家的一天一夜时间里，儿子是重组家庭，父母对带娃改嫁的儿媳有些成见，父亲失去了继承他诊所的长子，大家都心照不宣地说着场面话，维系着家庭的表面平和。虽然每年只聚一次，关系已经渐渐疏远，但家人都在彼此身上留下了深刻的印记。佩服是枝裕和能把这么琐碎的日常拍得细腻忧伤。,allstar50,2012-07-18 18:31:29
步履不停,是枝裕和的巅峰之作。淡淡的散文化叙事，琐碎平静的日常生活深处潜伏着暗流与潮涌，不动声色而令人莞尔的细节，可爱丰满的人物，凝练而善于留白的对白，耐人寻思的镜头里，是小津逝后的导演们再也拍不出来的日本，和至纯的醍醐味。,allstar50,2011-07-03 15:35:44
步履不停,整个片子我最喜欢的部分是，看起来那么慈祥亲切可爱的奶奶，一边勾着杯垫，一边回答儿子说【就是为了让他痛苦才让他来的啊，才十年就淡忘，太便宜他了，明年后年我会一直邀请他来的】,allstar50,2017-05-19 23:33:09
步履不停,结尾匆促、做作了些，否则更加好。这才是好的文艺片，静谧、克制、幽长、绵里藏针。表演非常细腻。最喜欢的一句台词是，带着儿子改嫁的母亲对儿子说：“他（继父）会缓慢而坚定地成为你身体的一部分。”这恐怕就是一代一代向死而生，生活百般复杂和磨难，人们却步履不停的支撑：家庭、一体。,allstar50,2015-01-05 07:53:28
步履不停,生活平淡得让人觉得时间好像已经凝固了一样，让我们恍惚有不会老去的错觉，直到有一天，身边的人离去才发现原来时间一直在走着，残忍的、无情的。后来没再提起的相扑选手的名字、没有跟父亲去看一场足球赛、没有开车载过母亲，短短的几句独白，仿若最尖锐的利刃划痛了心脏。,allstar50,2015-01-04 16:35:28
步履不停,我从没自己给老头打过电话，他打过来我也只是敷衍。我妈不识几个字，她说过想去祖国其他地方看看，我曾想过自己买辆车载他们到处去旅行的。现在，自己一人勉强糊口，苟且地活。然而他们的年轻，也一去不复返了。现在看这种片子，老泪纵横。8.6,allstar50,2016-09-18 10:07:26
步履不停,步履不停，波澜不惊，不煽情的感动才是真正的感动。,allstar40,2011-03-21 21:14:45
步履不停,细致，耐心，日常，清淡，克制，夏天的美感，空气的流动，家庭的面貌，人性的观察，太有味道了，是枝裕和，大师气度的开始。无须过分溢美，必须五星。,allstar50,2010-05-08 09:38:10
步履不停,在窗外暴雨声的伴奏中刷完，沉浸于这种琐细的日常和淡淡的忧伤。其实生活原本就是这么真实而平常，并非那些富丽堂皇和高大无上；生命也正如电影一样不知不觉就剧终人散，哪里会有那么多的事先张扬。,allstar40,2016-07-20 23:02:45
步履不停,逝者如斯夫,allstar50,2009-04-30 02:37:18
步履不停,“人生路上步履不停，但为何总是慢一拍”。无论我们多么小心翼翼，人生终会错过一些事情。,allstar50,2013-04-11 00:04:34
步履不停,“他们新年会再来的。”  “新年就不用了吧，一年一次就很多了。”  “不用麻烦他们了，下次不用过夜了。”当儿女们把看望父母当成一种需要强迫去做的事情时，父母还剩下些什么。,allstar50,2012-01-13 22:39:15
步履不停,当良多坐在离开家的公交车上，想起那个相扑手的名字时，老夫妻一前一后地走，惦记着儿子什么时候再回来，顿时泪流满面。平平淡淡的情节，饱含深意的对话，一个个可爱的人物，没刻意搞笑或煽情，却能让人笑出来、哭出来。,allstar50,2017-07-17 17:06:05
